edition	version	module	symsrv_key	pdb_path
classic	1.04b	Bnclient.dll	3A3B5E401	C:\D2\Release\Bnclient.pdb
classic	1.04b	D2CMP.dll	3A3B5C9A1	C:\D2\Release\D2CMP.pdb
classic	1.04b	D2Client.dll	3A3B5E1A1	C:\D2\Release\D2Client.pdb
classic	1.04b	D2Common.dll	3A3B5CE51	C:\D2\Release\D2Common.pdb
classic	1.04b	D2DDraw.dll	3A3B5E2A1	C:\D2\Release\D2DDraw.pdb
classic	1.04b	D2Direct3D.dll	3A3B5E301	C:\D2\Release\D2Direct3D.pdb
classic	1.04b	D2Game.dll	3A3B5D511	C:\D2\Release\D2Game.pdb
classic	1.04b	D2Gdi.dll	3A3B5E341	C:\D2\Release\D2Gdi.pdb
classic	1.04b	D2Glide.dll	3A3B5E3A1	C:\D2\Release\D2Glide.pdb
classic	1.04b	D2Lang.dll	3A3B5C9F1	C:\D2\Release\D2Lang.pdb
classic	1.04b	D2Launch.dll	3A3B5E4A1	C:\D2\Release\D2Launch.pdb
classic	1.04b	D2MCPClient.dll	3A3B5D5D1	C:\D2\Release\D2MCPClient.pdb
classic	1.04b	D2Multi.dll	3A3B5E521	C:\D2\Release\D2Multi.pdb
classic	1.04b	D2Net.dll	3A3B5CEC1	C:\D2\Release\D2Net.pdb
classic	1.04b	D2Sound.dll	3A3B5D601	C:\D2\Release\D2Sound.pdb
classic	1.04b	D2Win.dll	3A3B5D6C1	C:\D2\Release\D2Win.pdb
classic	1.04b	D2gfx.dll	3A3B5D5A1	C:\D2\Release\D2gfx.pdb
classic	1.04b	Fog.dll	3A3B5C921	C:\D2\Release\Fog.pdb
classic	1.04b	Storm.dll	3A39BE2D1	C:\D2\Release\Storm.pdb
classic	1.04c	Bnclient.dll	3A3B5E401	C:\D2\Release\Bnclient.pdb
classic	1.04c	D2CMP.dll	3A3B5C9A1	C:\D2\Release\D2CMP.pdb
classic	1.04c	D2Client.dll	3A3B5E1A1	C:\D2\Release\D2Client.pdb
classic	1.04c	D2Common.dll	3A3B5CE51	C:\D2\Release\D2Common.pdb
classic	1.04c	D2DDraw.dll	3A3B5E2A1	C:\D2\Release\D2DDraw.pdb
classic	1.04c	D2Direct3D.dll	3A3B5E301	C:\D2\Release\D2Direct3D.pdb
classic	1.04c	D2Game.dll	3A3B5D511	C:\D2\Release\D2Game.pdb
classic	1.04c	D2Gdi.dll	3A3B5E341	C:\D2\Release\D2Gdi.pdb
classic	1.04c	D2Glide.dll	3A3B5E3A1	C:\D2\Release\D2Glide.pdb
classic	1.04c	D2Lang.dll	3A3B5C9F1	C:\D2\Release\D2Lang.pdb
classic	1.04c	D2Launch.dll	3A3B5E4A1	C:\D2\Release\D2Launch.pdb
classic	1.04c	D2MCPClient.dll	3A3B5D5D1	C:\D2\Release\D2MCPClient.pdb
classic	1.04c	D2Multi.dll	3A3B5E521	C:\D2\Release\D2Multi.pdb
classic	1.04c	D2Net.dll	3A3B5CEC1	C:\D2\Release\D2Net.pdb
classic	1.04c	D2Sound.dll	3A3B5D601	C:\D2\Release\D2Sound.pdb
classic	1.04c	D2Win.dll	3A3B5D6C1	C:\D2\Release\D2Win.pdb
classic	1.04c	D2gfx.dll	3A3B5D5A1	C:\D2\Release\D2gfx.pdb
classic	1.04c	Fog.dll	3A3B5C921	C:\D2\Release\Fog.pdb
classic	1.04c	Storm.dll	3A39BE2D1	C:\D2\Release\Storm.pdb
classic	1.05	Bnclient.dll	3A7210AC1	C:\D2\Release\Bnclient.pdb
classic	1.05	D2CMP.dll	3A720EF71	C:\D2\Release\D2CMP.pdb
classic	1.05	D2Client.dll	3A72107D1	C:\D2\Release\D2Client.pdb
classic	1.05	D2Common.dll	3A720F401	C:\D2\Release\D2Common.pdb
classic	1.05	D2DDraw.dll	3A72108E1	C:\D2\Release\D2DDraw.pdb
classic	1.05	D2Direct3D.dll	3A7210961	C:\D2\Release\D2Direct3D.pdb
classic	1.05	D2Game.dll	3A720FAD1	C:\D2\Release\D2Game.pdb
classic	1.05	D2Gdi.dll	3A72109B1	C:\D2\Release\D2Gdi.pdb
classic	1.05	D2Glide.dll	3A7210A31	C:\D2\Release\D2Glide.pdb
classic	1.05	D2Lang.dll	3A720EFB1	C:\D2\Release\D2Lang.pdb
classic	1.05	D2Launch.dll	3A7210B71	C:\D2\Release\D2Launch.pdb
classic	1.05	D2MCPClient.dll	3A720FB81	C:\D2\Release\D2MCPClient.pdb
classic	1.05	D2Multi.dll	3A76FEA41	C:\D2\Release\D2Multi.pdb
classic	1.05	D2Net.dll	3A720F471	C:\D2\Release\D2Net.pdb
classic	1.05	D2Sound.dll	3A720FBB1	C:\D2\Release\D2Sound.pdb
classic	1.05	D2Win.dll	3A720FC71	C:\D2\Release\D2Win.pdb
classic	1.05	D2gfx.dll	3A720FB51	C:\D2\Release\D2gfx.pdb
classic	1.05	Fog.dll	3A720EEE1	C:\D2\Release\Fog.pdb
classic	1.05	Storm.dll	3A39BE2D1	C:\D2\Release\Storm.pdb
classic	1.05b	Bnclient.dll	3A79CB901	C:\D2\Release\Bnclient.pdb
classic	1.05b	D2CMP.dll	3A720EF71	C:\D2\Release\D2CMP.pdb
classic	1.05b	D2Client.dll	3A72107D1	C:\D2\Release\D2Client.pdb
classic	1.05b	D2Common.dll	3A720F401	C:\D2\Release\D2Common.pdb
classic	1.05b	D2DDraw.dll	3A79CB771	C:\D2\Release\D2DDraw.pdb
classic	1.05b	D2Direct3D.dll	3A7A07761	C:\D2\Release\D2Direct3D.pdb
classic	1.05b	D2Game.dll	3A720FAD1	C:\D2\Release\D2Game.pdb
classic	1.05b	D2Gdi.dll	3A79CB831	C:\D2\Release\D2Gdi.pdb
classic	1.05b	D2Glide.dll	3A7A21A02	C:\D2\Release\D2Glide.pdb
classic	1.05b	D2Lang.dll	3A79C9E31	C:\D2\Release\D2Lang.pdb
classic	1.05b	D2Launch.dll	3A79CB9A1	C:\D2\Release\D2Launch.pdb
classic	1.05b	D2MCPClient.dll	3A79CAA11	C:\D2\Release\D2MCPClient.pdb
classic	1.05b	D2Multi.dll	3A7A2DB51	C:\D2\Release\D2Multi.pdb
classic	1.05b	D2Net.dll	3A79CA2E1	C:\D2\Release\D2Net.pdb
classic	1.05b	D2Sound.dll	3A79CAA41	C:\D2\Release\D2Sound.pdb
classic	1.05b	D2Win.dll	3A79CAB01	C:\D2\Release\D2Win.pdb
classic	1.05b	D2gfx.dll	3A79CA9E1	C:\D2\Release\D2gfx.pdb
classic	1.05b	Fog.dll	3A79C9D41	C:\D2\Release\Fog.pdb
classic	1.05b	Storm.dll	3A39BE2D1	C:\D2\Release\Storm.pdb
classic	1.06	Bnclient.dll	3ADE47681	C:\D2\Release\Bnclient.pdb
classic	1.06	D2CMP.dll	3ADE459E1	C:\D2\Release\D2CMP.pdb
classic	1.06	D2Client.dll	3ADE473F1	C:\D2\Release\D2Client.pdb
classic	1.06	D2Common.dll	3ADE45E71	C:\D2\Release\D2Common.pdb
classic	1.06	D2DDraw.dll	3ADE474F1	C:\D2\Release\D2DDraw.pdb
classic	1.06	D2Direct3D.dll	3ADE47561	C:\D2\Release\D2Direct3D.pdb
classic	1.06	D2Game.dll	3ADE465A1	C:\D2\Release\D2Game.pdb
classic	1.06	D2Gdi.dll	3ADE475A1	C:\D2\Release\D2Gdi.pdb
classic	1.06	D2Glide.dll	3ADE47611	C:\D2\Release\D2Glide.pdb
classic	1.06	D2Lang.dll	3ADE45A31	C:\D2\Release\D2Lang.pdb
classic	1.06	D2Launch.dll	3ADE47731	C:\D2\Release\D2Launch.pdb
classic	1.06	D2MCPClient.dll	3ADE46671	C:\D2\Release\D2MCPClient.pdb
classic	1.06	D2Multi.dll	3ADE477C1	C:\D2\Release\D2Multi.pdb
classic	1.06	D2Net.dll	3ADE45EE1	C:\D2\Release\D2Net.pdb
classic	1.06	D2Sound.dll	3ADE466B1	C:\D2\Release\D2Sound.pdb
classic	1.06	D2Win.dll	3ADE46791	C:\D2\Release\D2Win.pdb
classic	1.06	D2gfx.dll	3ADE46641	C:\D2\Release\D2gfx.pdb
classic	1.06	Fog.dll	3ADE45951	C:\D2\Release\Fog.pdb
classic	1.06	Storm.dll	3AD60C431	C:\D2\Release\Storm.pdb
classic	1.06b	Bnclient.dll	3B02CAFB1	C:\Projects\D2106\Release\Bnclient.pdb
classic	1.06b	D2CMP.dll	3B02C8F61	C:\Projects\D2106\Release\D2CMP.pdb
classic	1.06b	D2Client.dll	3B02CAD31	C:\Projects\D2106\Release\D2Client.pdb
classic	1.06b	D2Common.dll	3B02C9441	C:\Projects\D2106\Release\D2Common.pdb
classic	1.06b	D2DDraw.dll	3B02CAE31	C:\Projects\D2106\Release\D2DDraw.pdb
classic	1.06b	D2Direct3D.dll	3B02CAE91	C:\Projects\D2106\Release\D2Direct3D.pdb
classic	1.06b	D2Game.dll	3B02C9D61	C:\Projects\D2106\Release\D2Game.pdb
classic	1.06b	D2Gdi.dll	3B02CAED1	C:\Projects\D2106\Release\D2Gdi.pdb
classic	1.06b	D2Glide.dll	3B02CAF41	C:\Projects\D2106\Release\D2Glide.pdb
classic	1.06b	D2Lang.dll	3B02C8FC1	C:\Projects\D2106\Release\D2Lang.pdb
classic	1.06b	D2Launch.dll	3B02CB051	C:\Projects\D2106\Release\D2Launch.pdb
classic	1.06b	D2MCPClient.dll	3B02CA061	C:\Projects\D2106\Release\D2MCPClient.pdb
classic	1.06b	D2Multi.dll	3B02CB0D1	C:\Projects\D2106\Release\D2Multi.pdb
classic	1.06b	D2Net.dll	3B02C94B1	C:\Projects\D2106\Release\D2Net.pdb
classic	1.06b	D2Sound.dll	3B02CA0C1	C:\Projects\D2106\Release\D2Sound.pdb
classic	1.06b	D2Win.dll	3B02CA1A1	C:\Projects\D2106\Release\D2Win.pdb
classic	1.06b	D2gfx.dll	3B02C9FF1	C:\Projects\D2106\Release\D2gfx.pdb
classic	1.06b	Fog.dll	3B02C8EC1	C:\Projects\D2106\Release\Fog.pdb
classic	1.06b	Storm.dll	3AE07BC11	C:\D2\Release\Storm.pdb
classic	1.08	Bnclient.dll	3B2EB28E1	C:\Projects\Diablo2\Release\Bnclient.pdb
classic	1.08	D2CMP.dll	3B2EB2811	C:\Projects\Diablo2\Release\D2CMP.pdb
classic	1.08	D2Client.dll	3B2EB4371	C:\Projects\Diablo2\Release\D2Client.pdb
classic	1.08	D2Common.dll	3B2EB2DD1	C:\Projects\Diablo2\Release\D2Common.pdb
classic	1.08	D2DDraw.dll	3B2EB44C1	C:\Projects\Diablo2\Release\D2DDraw.pdb
classic	1.08	D2Direct3D.dll	3B2EB4531	C:\Projects\Diablo2\Release\D2Direct3D.pdb
classic	1.08	D2Game.dll	3B2EB3531	C:\Projects\Diablo2\Release\D2Game.pdb
classic	1.08	D2Gdi.dll	3B2EB4581	C:\Projects\Diablo2\Release\D2Gdi.pdb
classic	1.08	D2Glide.dll	3B2EB45E1	C:\Projects\Diablo2\Release\D2Glide.pdb
classic	1.08	D2Lang.dll	3B2EB2871	C:\Projects\Diablo2\Release\D2Lang.pdb
classic	1.08	D2Launch.dll	3B2EB46D1	C:\Projects\Diablo2\Release\D2Launch.pdb
classic	1.08	D2MCPClient.dll	3B2EB3621	C:\Projects\Diablo2\Release\D2MCPClient.pdb
classic	1.08	D2Multi.dll	3B2EB4781	C:\Projects\Diablo2\Release\D2Multi.pdb
classic	1.08	D2Net.dll	3B2EB2E61	C:\Projects\Diablo2\Release\D2Net.pdb
classic	1.08	D2Sound.dll	3B2EB3661	C:\Projects\Diablo2\Release\D2Sound.pdb
classic	1.08	D2Win.dll	3B2EB3781	C:\Projects\Diablo2\Release\D2Win.pdb
classic	1.08	D2gfx.dll	3B2EB35F1	C:\Projects\Diablo2\Release\D2gfx.pdb
classic	1.08	Fog.dll	3B2EB2771	C:\Projects\Diablo2\Release\Fog.pdb
classic	1.08	Storm.dll	3B1BFB441	C:\Projects\Diablo2\Release\Storm.pdb
classic	1.09	Bnclient.dll	3B7C4E2B1	C:\Projects\Diablo2\Release\Bnclient.pdb
classic	1.09	D2CMP.dll	3B7C4E191	C:\Projects\Diablo2\Release\D2CMP.pdb
classic	1.09	D2Client.dll	3B7C50761	C:\Projects\Diablo2\Release\D2Client.pdb
classic	1.09	D2Common.dll	3B7C4EA31	C:\Projects\Diablo2\Release\D2Common.pdb
classic	1.09	D2DDraw.dll	3B7C50891	C:\Projects\Diablo2\Release\D2DDraw.pdb
classic	1.09	D2Direct3D.dll	3B7C50901	C:\Projects\Diablo2\Release\D2Direct3D.pdb
classic	1.09	D2Game.dll	3B7C4F631	C:\Projects\Diablo2\Release\D2Game.pdb
classic	1.09	D2Gdi.dll	3B7C50961	C:\Projects\Diablo2\Release\D2Gdi.pdb
classic	1.09	D2Glide.dll	3B7C509D1	C:\Projects\Diablo2\Release\D2Glide.pdb
classic	1.09	D2Lang.dll	3B7C4E1E1	C:\Projects\Diablo2\Release\D2Lang.pdb
classic	1.09	D2Launch.dll	3B7C50AB1	C:\Projects\Diablo2\Release\D2Launch.pdb
classic	1.09	D2MCPClient.dll	3B7C4F751	C:\Projects\Diablo2\Release\D2MCPClient.pdb
classic	1.09	D2Multi.dll	3B7C50B61	C:\Projects\Diablo2\Release\D2Multi.pdb
classic	1.09	D2Net.dll	3B7C4ED31	C:\Projects\Diablo2\Release\D2Net.pdb
classic	1.09	D2Sound.dll	3B7C4F791	C:\Projects\Diablo2\Release\D2Sound.pdb
classic	1.09	D2Win.dll	3B7C4F8D1	C:\Projects\Diablo2\Release\D2Win.pdb
classic	1.09	D2gfx.dll	3B7C4F711	C:\Projects\Diablo2\Release\D2gfx.pdb
classic	1.09	Fog.dll	3B7C4E0F1	C:\Projects\Diablo2\Release\Fog.pdb
classic	1.09	Storm.dll	3B4B41D81	C:\Projects\Diablo2\Release\Storm.pdb
classic	1.09b	Bnclient.dll	3B900E8B1	C:\Projects\D2109r-pin\Diablo2\Release\Bnclient.pdb
classic	1.09b	D2CMP.dll	3B7C4E191	C:\Projects\Diablo2\Release\D2CMP.pdb
classic	1.09b	D2Client.dll	3B7C50761	C:\Projects\Diablo2\Release\D2Client.pdb
classic	1.09b	D2Common.dll	3B7C4EA31	C:\Projects\Diablo2\Release\D2Common.pdb
classic	1.09b	D2DDraw.dll	3B7C50891	C:\Projects\Diablo2\Release\D2DDraw.pdb
classic	1.09b	D2Direct3D.dll	3B7C50901	C:\Projects\Diablo2\Release\D2Direct3D.pdb
classic	1.09b	D2Game.dll	3B7C4F631	C:\Projects\Diablo2\Release\D2Game.pdb
classic	1.09b	D2Gdi.dll	3B7C50961	C:\Projects\Diablo2\Release\D2Gdi.pdb
classic	1.09b	D2Glide.dll	3B7C509D1	C:\Projects\Diablo2\Release\D2Glide.pdb
classic	1.09b	D2Lang.dll	3B7C4E1E1	C:\Projects\Diablo2\Release\D2Lang.pdb
classic	1.09b	D2Launch.dll	3B7C50AB1	C:\Projects\Diablo2\Release\D2Launch.pdb
classic	1.09b	D2MCPClient.dll	3B7C4F751	C:\Projects\Diablo2\Release\D2MCPClient.pdb
classic	1.09b	D2Multi.dll	3B7C50B61	C:\Projects\Diablo2\Release\D2Multi.pdb
classic	1.09b	D2Net.dll	3B7C4ED31	C:\Projects\Diablo2\Release\D2Net.pdb
classic	1.09b	D2Sound.dll	3B7C4F791	C:\Projects\Diablo2\Release\D2Sound.pdb
classic	1.09b	D2Win.dll	3B7C4F8D1	C:\Projects\Diablo2\Release\D2Win.pdb
classic	1.09b	D2gfx.dll	3B7C4F711	C:\Projects\Diablo2\Release\D2gfx.pdb
classic	1.09b	Fog.dll	3B7C4E0F1	C:\Projects\Diablo2\Release\Fog.pdb
classic	1.09b	Storm.dll	3B4B41D81	C:\Projects\Diablo2\Release\Storm.pdb
classic	1.09d	Bnclient.dll	3C06FD111	C:\Src\Diablo2\Release\Bnclient.pdb
classic	1.09d	D2CMP.dll	3C06FCEC1	C:\Src\Diablo2\Release\D2CMP.pdb
classic	1.09d	D2Client.dll	3C0700B01	C:\Src\Diablo2\Release\D2Client.pdb
classic	1.09d	D2Common.dll	3C06FDCC1	C:\Src\Diablo2\Release\D2Common.pdb
classic	1.09d	D2DDraw.dll	3C0700E71	C:\Src\Diablo2\Release\D2DDraw.pdb
classic	1.09d	D2Direct3D.dll	3C0700F91	C:\Src\Diablo2\Release\D2Direct3D.pdb
classic	1.09d	D2Game.dll	3C06FED81	C:\Src\Diablo2\Release\D2Game.pdb
classic	1.09d	D2Gdi.dll	3C07010A1	C:\Src\Diablo2\Release\D2Gdi.pdb
classic	1.09d	D2Glide.dll	3C07011E1	C:\Src\Diablo2\Release\D2Glide.pdb
classic	1.09d	D2Lang.dll	3C06FCF91	C:\Src\Diablo2\Release\D2Lang.pdb
classic	1.09d	D2Launch.dll	3C0701401	C:\Src\Diablo2\Release\D2Launch.pdb
classic	1.09d	D2MCPClient.dll	3C06FEFD1	C:\Src\Diablo2\Release\D2MCPClient.pdb
classic	1.09d	D2Multi.dll	3C0701581	C:\Src\Diablo2\Release\D2Multi.pdb
classic	1.09d	D2Net.dll	3C06FDE41	C:\Src\Diablo2\Release\D2Net.pdb
classic	1.09d	D2Sound.dll	3C06FF091	C:\Src\Diablo2\Release\D2Sound.pdb
classic	1.09d	D2Win.dll	3C06FF321	C:\Src\Diablo2\Release\D2Win.pdb
classic	1.09d	D2gfx.dll	3C06FEF41	C:\Src\Diablo2\Release\D2gfx.pdb
classic	1.09d	Fog.dll	3C06FCD31	C:\Src\Diablo2\Release\Fog.pdb
classic	1.09d	Storm.dll	3B8AB1CE1	C:\Projects\Diablo2\Release\Storm.pdb
classic	1.10	Bnclient.dll	3F8A5F461	C:\projects\D2\head\Diablo2\Release\Bnclient.pdb
classic	1.10	D2CMP.dll	3F8767892	C:\projects\D2\head\Diablo2\Release\D2CMP.pdb
classic	1.10	D2Client.dll	3F7CB8BE1	C:\projects\D2\head\Diablo2\Release\D2Client.pdb
classic	1.10	D2Common.dll	3F7CB6CB1	C:\projects\D2\head\Diablo2\Release\D2Common.pdb
classic	1.10	D2DDraw.dll	3F7CB8D91	C:\projects\D2\head\Diablo2\Release\D2DDraw.pdb
classic	1.10	D2Direct3D.dll	3F7CB8E31	C:\projects\D2\head\Diablo2\Release\D2Direct3D.pdb
classic	1.10	D2Game.dll	3F7CB7901	C:\projects\D2\head\Diablo2\Release\D2Game.pdb
classic	1.10	D2Gdi.dll	3F7CB8EA1	C:\projects\D2\head\Diablo2\Release\D2Gdi.pdb
classic	1.10	D2Glide.dll	3F7CB8F31	C:\projects\D2\head\Diablo2\Release\D2Glide.pdb
classic	1.10	D2Lang.dll	3F8767962	C:\projects\D2\head\Diablo2\Release\D2Lang.pdb
classic	1.10	D2Launch.dll	3F8A5F591	C:\projects\D2\head\Diablo2\Release\D2Launch.pdb
classic	1.10	D2MCPClient.dll	3F8769252	C:\projects\D2\head\Diablo2\Release\D2MCPClient.pdb
classic	1.10	D2Multi.dll	3F8A5F671	C:\projects\D2\head\Diablo2\Release\D2Multi.pdb
classic	1.10	D2Net.dll	3F8768362	C:\projects\D2\head\Diablo2\Release\D2Net.pdb
classic	1.10	D2Sound.dll	3F87692D2	C:\projects\D2\head\Diablo2\Release\D2Sound.pdb
classic	1.10	D2Win.dll	3F87694A2	C:\projects\D2\head\Diablo2\Release\D2Win.pdb
classic	1.10	D2gfx.dll	3F7CB7A21	C:\projects\D2\head\Diablo2\Release\D2gfx.pdb
classic	1.10	Fog.dll	3F8A5C4F1	C:\projects\D2\head\Diablo2\Release\Fog.pdb
classic	1.10	Storm.dll	3F3AAB3A2	C:\projects\D2\head\Diablo2\Release\Storm.pdb
lod	1.07	Bnclient.dll	3AF6E1F01	C:\Projects\Diablo2\Release\Bnclient.pdb
lod	1.07	D2CMP.dll	3AF6E1E31	C:\Projects\Diablo2\Release\D2CMP.pdb
lod	1.07	D2Client.dll	3B0071971	C:\Projects\Diablo2\Release\D2Client.pdb
lod	1.07	D2Common.dll	3AF6E23D1	C:\Projects\Diablo2\Release\D2Common.pdb
lod	1.07	D2DDraw.dll	3AF6E3B11	C:\Projects\Diablo2\Release\D2DDraw.pdb
lod	1.07	D2Direct3D.dll	3AF6E3B81	C:\Projects\Diablo2\Release\D2Direct3D.pdb
lod	1.07	D2Game.dll	3AF879CA1	C:\Projects\Diablo2\Release\D2Game.pdb
lod	1.07	D2Gdi.dll	3AF6E3BC1	C:\Projects\Diablo2\Release\D2Gdi.pdb
lod	1.07	D2Glide.dll	3AF6E3C21	C:\Projects\Diablo2\Release\D2Glide.pdb
lod	1.07	D2Lang.dll	3AF6E1E91	C:\Projects\Diablo2\Release\D2Lang.pdb
lod	1.07	D2Launch.dll	3AF6E3D01	C:\Projects\Diablo2\Release\D2Launch.pdb
lod	1.07	D2MCPClient.dll	3AF6E2C31	C:\Projects\Diablo2\Release\D2MCPClient.pdb
lod	1.07	D2Multi.dll	3AF6E3D91	C:\Projects\Diablo2\Release\D2Multi.pdb
lod	1.07	D2Net.dll	3AF6E2451	C:\Projects\Diablo2\Release\D2Net.pdb
lod	1.07	D2Sound.dll	3AF6E2C71	C:\Projects\Diablo2\Release\D2Sound.pdb
lod	1.07	D2Win.dll	3AF984391	C:\Projects\Diablo2\Release\D2Win.pdb
lod	1.07	D2gfx.dll	3AF6E2C01	C:\Projects\Diablo2\Release\D2gfx.pdb
lod	1.07	Fog.dll	3AF6E1D91	C:\Projects\Diablo2\Release\Fog.pdb
lod	1.07	Storm.dll	3ADCA6322	D:\D2\Release\Storm.pdb
lod	1.07_Beta	Bnclient.dll	3ABFF53412	D:\D2\Release\Bnclient.pdb
lod	1.07_Beta	D2CMP.dll	3AC3CEEC13	D:\D2\Release\D2CMP.pdb
lod	1.07_Beta	D2CMPd.dll	3ADB2A338	D:\D2\Obj\Debug-Expansion\D2Cmp\D2CMPd.pdb
lod	1.07_Beta	D2Client.dll	3AC3D1491C	D:\D2\Release\D2Client.pdb
lod	1.07_Beta	D2Common.dll	3AE08982A	D:\D2\Release\D2Common.pdb
lod	1.07_Beta	D2DDraw.dll	3ABFF3EA10	D:\D2\Release\D2DDraw.pdb
lod	1.07_Beta	D2Direct3D.dll	3ABFF3F410	D:\D2\Release\D2Direct3D.pdb
lod	1.07_Beta	D2Game.dll	3AF879CA1	C:\Projects\Diablo2\Release\D2Game.pdb
lod	1.07_Beta	D2Gdi.dll	3ABFF3E310	D:\D2\Release\D2Gdi.pdb
lod	1.07_Beta	D2Glide.dll	3ABFF93610	D:\D2\Release\D2Glide.pdb
lod	1.07_Beta	D2Lang.dll	3AC3CEF7E	D:\D2\Release\D2Lang.pdb
lod	1.07_Beta	D2Launch.dll	3ABFF53B14	D:\D2\Release\D2Launch.pdb
lod	1.07_Beta	D2MCPClient.dll	3AC3D024E	D:\D2\Release\D2MCPClient.pdb
lod	1.07_Beta	D2Multi.dll	3ABFF14912	D:\D2\Release\D2Multi.pdb
lod	1.07_Beta	D2Net.dll	3ABFF1D6F	D:\D2\Release\D2Net.pdb
lod	1.07_Beta	D2OpenGL.dll	382C6E0E2	C:\D2\Release\Obj\D2OpenGL\D2OpenGL.pdb
lod	1.07_Beta	D2Sound.dll	3AC3D02CE	D:\D2\Release\D2Sound.pdb
lod	1.07_Beta	D2Win.dll	3ABFF13311	D:\D2\Release\D2Win.pdb
lod	1.07_Beta	D2gfx.dll	3ABFF0FBF	D:\D2\Release\D2gfx.pdb
lod	1.07_Beta	Fog.dll	3ABFF0F2F	D:\D2\Release\Fog.pdb
lod	1.07_Beta	Storm.dll	3ADCA6321	D:\D2\Release\Storm.pdb
lod	1.07_Beta	Stormd.dll	3AD88D071	C:\D2\Debug\StormD.pdb
lod	1.07_Beta	TelnetD.dll	3AC3AE5E2	D:\D2\Obj\Debug-Expansion\TelnetD\TelnetD.pdb
lod	1.08	Bnclient.dll	3B2EB28E1	C:\Projects\Diablo2\Release\Bnclient.pdb
lod	1.08	D2CMP.dll	3B2EB2811	C:\Projects\Diablo2\Release\D2CMP.pdb
lod	1.08	D2Client.dll	3B2EB4371	C:\Projects\Diablo2\Release\D2Client.pdb
lod	1.08	D2Common.dll	3B2EB2DD1	C:\Projects\Diablo2\Release\D2Common.pdb
lod	1.08	D2DDraw.dll	3B2EB44C1	C:\Projects\Diablo2\Release\D2DDraw.pdb
lod	1.08	D2Direct3D.dll	3B2EB4531	C:\Projects\Diablo2\Release\D2Direct3D.pdb
lod	1.08	D2Game.dll	3B2EB3531	C:\Projects\Diablo2\Release\D2Game.pdb
lod	1.08	D2Gdi.dll	3B2EB4581	C:\Projects\Diablo2\Release\D2Gdi.pdb
lod	1.08	D2Glide.dll	3B2EB45E1	C:\Projects\Diablo2\Release\D2Glide.pdb
lod	1.08	D2Lang.dll	3B2EB2871	C:\Projects\Diablo2\Release\D2Lang.pdb
lod	1.08	D2Launch.dll	3B2EB46D1	C:\Projects\Diablo2\Release\D2Launch.pdb
lod	1.08	D2MCPClient.dll	3B2EB3621	C:\Projects\Diablo2\Release\D2MCPClient.pdb
lod	1.08	D2Multi.dll	3B2EB4781	C:\Projects\Diablo2\Release\D2Multi.pdb
lod	1.08	D2Net.dll	3B2EB2E61	C:\Projects\Diablo2\Release\D2Net.pdb
lod	1.08	D2Sound.dll	3B2EB3661	C:\Projects\Diablo2\Release\D2Sound.pdb
lod	1.08	D2Win.dll	3B2EB3781	C:\Projects\Diablo2\Release\D2Win.pdb
lod	1.08	D2gfx.dll	3B2EB35F1	C:\Projects\Diablo2\Release\D2gfx.pdb
lod	1.08	Fog.dll	3B2EB2771	C:\Projects\Diablo2\Release\Fog.pdb
lod	1.08	Storm.dll	3B1BFB441	C:\Projects\Diablo2\Release\Storm.pdb
lod	1.09	Bnclient.dll	3B7C4E2B1	C:\Projects\Diablo2\Release\Bnclient.pdb
lod	1.09	D2CMP.dll	3B7C4E191	C:\Projects\Diablo2\Release\D2CMP.pdb
lod	1.09	D2Client.dll	3B7C50761	C:\Projects\Diablo2\Release\D2Client.pdb
lod	1.09	D2Common.dll	3B7C4EA31	C:\Projects\Diablo2\Release\D2Common.pdb
lod	1.09	D2DDraw.dll	3B7C50891	C:\Projects\Diablo2\Release\D2DDraw.pdb
lod	1.09	D2Direct3D.dll	3B7C50901	C:\Projects\Diablo2\Release\D2Direct3D.pdb
lod	1.09	D2Game.dll	3B7C4F631	C:\Projects\Diablo2\Release\D2Game.pdb
lod	1.09	D2Gdi.dll	3BFC51161	C:\Projects\Diablo2\Release\D2Gdi.pdb
lod	1.09	D2Glide.dll	3BFC511D1	C:\Projects\Diablo2\Release\D2Glide.pdb
lod	1.09	D2Lang.dll	3B7C4E1E1	C:\Projects\Diablo2\Release\D2Lang.pdb
lod	1.09	D2Launch.dll	3B7C50AB1	C:\Projects\Diablo2\Release\D2Launch.pdb
lod	1.09	D2MCPClient.dll	7B7C8F751	C:\Projects\Diablo2\Release\D2MCPClient.pdb
lod	1.09	D2Multi.dll	3B7C50B61	C:\Projects\Diablo2\Release\D2Multi.pdb
lod	1.09	D2Net.dll	7B7C8ED31	C:\Projects\Diablo2\Release\D2Net.pdb
lod	1.09	D2Sound.dll	3BFC4FF91	C:\Projects\Diablo2\Release\D2Sound.pdb
lod	1.09	D2Win.dll	3B7C4F8D1	C:\Projects\Diablo2\Release\D2Win.pdb
lod	1.09	D2gfx.dll	3B7C4F711	C:\Projects\Diablo2\Release\D2gfx.pdb
lod	1.09	Fog.dll	3B7C4E0F1	C:\Projects\Diablo2\Release\Fog.pdb
lod	1.09	Storm.dll	3B4B41D81	C:\Projects\Diablo2\Release\Storm.pdb
lod	1.09b	Bnclient.dll	3B900E8B1	C:\Projects\D2109r-pin\Diablo2\Release\Bnclient.pdb
lod	1.09b	D2CMP.dll	3B7C4E191	C:\Projects\Diablo2\Release\D2CMP.pdb
lod	1.09b	D2Client.dll	3B7C50761	C:\Projects\Diablo2\Release\D2Client.pdb
lod	1.09b	D2Common.dll	3B7C4EA31	C:\Projects\Diablo2\Release\D2Common.pdb
lod	1.09b	D2DDraw.dll	3B7C50891	C:\Projects\Diablo2\Release\D2DDraw.pdb
lod	1.09b	D2Direct3D.dll	3B7C50901	C:\Projects\Diablo2\Release\D2Direct3D.pdb
lod	1.09b	D2Game.dll	3B7C4F631	C:\Projects\Diablo2\Release\D2Game.pdb
lod	1.09b	D2Gdi.dll	3BFC51161	C:\Projects\Diablo2\Release\D2Gdi.pdb
lod	1.09b	D2Glide.dll	3BFC511D1	C:\Projects\Diablo2\Release\D2Glide.pdb
lod	1.09b	D2Lang.dll	3B7C4E1E1	C:\Projects\Diablo2\Release\D2Lang.pdb
lod	1.09b	D2Launch.dll	3B7C50AB1	C:\Projects\Diablo2\Release\D2Launch.pdb
lod	1.09b	D2MCPClient.dll	7B7C8F751	C:\Projects\Diablo2\Release\D2MCPClient.pdb
lod	1.09b	D2Multi.dll	3B7C50B61	C:\Projects\Diablo2\Release\D2Multi.pdb
lod	1.09b	D2Net.dll	7B7C8ED31	C:\Projects\Diablo2\Release\D2Net.pdb
lod	1.09b	D2Sound.dll	3BFC4FF91	C:\Projects\Diablo2\Release\D2Sound.pdb
lod	1.09b	D2Win.dll	3B7C4F8D1	C:\Projects\Diablo2\Release\D2Win.pdb
lod	1.09b	D2gfx.dll	3B7C4F711	C:\Projects\Diablo2\Release\D2gfx.pdb
lod	1.09b	Fog.dll	3B7C4E0F1	C:\Projects\Diablo2\Release\Fog.pdb
lod	1.09b	Storm.dll	3B4B41D81	C:\Projects\Diablo2\Release\Storm.pdb
lod	1.09d	Bnclient.dll	3C06FD111	C:\Src\Diablo2\Release\Bnclient.pdb
lod	1.09d	D2CMP.dll	3C06FCEC1	C:\Src\Diablo2\Release\D2CMP.pdb
lod	1.09d	D2Client.dll	3C0700B01	C:\Src\Diablo2\Release\D2Client.pdb
lod	1.09d	D2Common.dll	3C06FDCC1	C:\Src\Diablo2\Release\D2Common.pdb
lod	1.09d	D2DDraw.dll	3C0700E71	C:\Src\Diablo2\Release\D2DDraw.pdb
lod	1.09d	D2Direct3D.dll	3C0700F91	C:\Src\Diablo2\Release\D2Direct3D.pdb
lod	1.09d	D2Game.dll	3C06FED81	C:\Src\Diablo2\Release\D2Game.pdb
lod	1.09d	D2Gdi.dll	3C07010A1	C:\Src\Diablo2\Release\D2Gdi.pdb
lod	1.09d	D2Glide.dll	3C07011E1	C:\Src\Diablo2\Release\D2Glide.pdb
lod	1.09d	D2Lang.dll	3C06FCF91	C:\Src\Diablo2\Release\D2Lang.pdb
lod	1.09d	D2Launch.dll	3C0701401	C:\Src\Diablo2\Release\D2Launch.pdb
lod	1.09d	D2MCPClient.dll	3C06FEFD1	C:\Src\Diablo2\Release\D2MCPClient.pdb
lod	1.09d	D2Multi.dll	3C0701581	C:\Src\Diablo2\Release\D2Multi.pdb
lod	1.09d	D2Sound.dll	3C06FF091	C:\Src\Diablo2\Release\D2Sound.pdb
lod	1.09d	D2Win.dll	3C06FF321	C:\Src\Diablo2\Release\D2Win.pdb
lod	1.09d	D2gfx.dll	3C06FEF41	C:\Src\Diablo2\Release\D2gfx.pdb
lod	1.09d	Fog.dll	3C06FCD31	C:\Src\Diablo2\Release\Fog.pdb
lod	1.09d	Storm.dll	3B8AB1CE1	C:\Projects\Diablo2\Release\Storm.pdb
lod	1.10b_Beta_1	Bnclient.dll	3F04742C1	C:\Src\Diablo2\Release\Bnclient.pdb
lod	1.10b_Beta_1	D2CMP.dll	3F0472CE1	C:\Src\Diablo2\Release\D2CMP.pdb
lod	1.10b_Beta_1	D2Client.dll	3F0473FC1	C:\Src\Diablo2\Release\D2Client.pdb
lod	1.10b_Beta_1	D2Common.dll	3F0473061	C:\Src\Diablo2\Release\D2Common.pdb
lod	1.10b_Beta_1	D2DDraw.dll	3F04741A1	C:\Src\Diablo2\Release\D2DDraw.pdb
lod	1.10b_Beta_1	D2Direct3D.dll	3F04741E1	C:\Src\Diablo2\Release\D2Direct3D.pdb
lod	1.10b_Beta_1	D2Game.dll	3F0473651	C:\Src\Diablo2\Release\D2Game.pdb
lod	1.10b_Beta_1	D2Gdi.dll	3F0474221	C:\Src\Diablo2\Release\D2Gdi.pdb
lod	1.10b_Beta_1	D2Glide.dll	3F0474261	C:\Src\Diablo2\Release\D2Glide.pdb
lod	1.10b_Beta_1	D2Lang.dll	3F0472D21	C:\Src\Diablo2\Release\D2Lang.pdb
lod	1.10b_Beta_1	D2Launch.dll	3F0474351	C:\Src\Diablo2\Release\D2Launch.pdb
lod	1.10b_Beta_1	D2MCPClient.dll	3F0473741	C:\Src\Diablo2\Release\D2MCPClient.pdb
lod	1.10b_Beta_1	D2Multi.dll	3F04743B1	C:\Src\Diablo2\Release\D2Multi.pdb
lod	1.10b_Beta_1	D2Net.dll	3F0473131	C:\Src\Diablo2\Release\D2Net.pdb
lod	1.10b_Beta_1	D2Sound.dll	3F0473771	C:\Src\Diablo2\Release\D2Sound.pdb
lod	1.10b_Beta_1	D2Win.dll	3F0473821	C:\Src\Diablo2\Release\D2Win.pdb
lod	1.10b_Beta_1	D2gfx.dll	3F0473721	C:\Src\Diablo2\Release\D2gfx.pdb
lod	1.10b_Beta_1	Fog.dll	3F0472C71	C:\Src\Diablo2\Release\Fog.pdb
lod	1.10b_Beta_1	Storm.dll	3F0472BC1	C:\Src\Diablo2\Release\Storm.pdb
lod	1.10f	Bnclient.dll	3F8A5F461	C:\projects\D2\head\Diablo2\Release\Bnclient.pdb
lod	1.10f	D2CMP.dll	3F8767892	C:\projects\D2\head\Diablo2\Release\D2CMP.pdb
lod	1.10f	D2Client.dll	3F7CB8BE1	C:\projects\D2\head\Diablo2\Release\D2Client.pdb
lod	1.10f	D2Common.dll	3F7CB6CB1	C:\projects\D2\head\Diablo2\Release\D2Common.pdb
lod	1.10f	D2DDraw.dll	3F7CB8D91	C:\projects\D2\head\Diablo2\Release\D2DDraw.pdb
lod	1.10f	D2Direct3D.dll	3F7CB8E31	C:\projects\D2\head\Diablo2\Release\D2Direct3D.pdb
lod	1.10f	D2Game.dll	3F7CB7901	C:\projects\D2\head\Diablo2\Release\D2Game.pdb
lod	1.10f	D2Gdi.dll	3F7CB8EA1	C:\projects\D2\head\Diablo2\Release\D2Gdi.pdb
lod	1.10f	D2Glide.dll	3F7CB8F31	C:\projects\D2\head\Diablo2\Release\D2Glide.pdb
lod	1.10f	D2Lang.dll	3F8767962	C:\projects\D2\head\Diablo2\Release\D2Lang.pdb
lod	1.10f	D2Launch.dll	3F8A5F591	C:\projects\D2\head\Diablo2\Release\D2Launch.pdb
lod	1.10f	D2MCPClient.dll	3F8769252	C:\projects\D2\head\Diablo2\Release\D2MCPClient.pdb
lod	1.10f	D2Multi.dll	3F8A5F671	C:\projects\D2\head\Diablo2\Release\D2Multi.pdb
lod	1.10f	D2Net.dll	3F8768362	C:\projects\D2\head\Diablo2\Release\D2Net.pdb
lod	1.10f	D2Sound.dll	3F87692D2	C:\projects\D2\head\Diablo2\Release\D2Sound.pdb
lod	1.10f	D2Win.dll	3F87694A2	C:\projects\D2\head\Diablo2\Release\D2Win.pdb
lod	1.10f	D2gfx.dll	3F7CB7A21	C:\projects\D2\head\Diablo2\Release\D2gfx.pdb
lod	1.10f	Fog.dll	3F8A5C4F1	C:\projects\D2\head\Diablo2\Release\Fog.pdb
lod	1.10f	Storm.dll	3F3AAB3A2	C:\projects\D2\head\Diablo2\Release\Storm.pdb
lod	1.10s_Beta_2	Bnclient.dll	3F24B4D41	C:\Src\Diablo2\Release\Bnclient.pdb
lod	1.10s_Beta_2	D2CMP.dll	3F24B3761	C:\Src\Diablo2\Release\D2CMP.pdb
lod	1.10s_Beta_2	D2Client.dll	3F24B4A41	C:\Src\Diablo2\Release\D2Client.pdb
lod	1.10s_Beta_2	D2Common.dll	3F24B3AF1	C:\Src\Diablo2\Release\D2Common.pdb
lod	1.10s_Beta_2	D2DDraw.dll	3F24B4C11	C:\Src\Diablo2\Release\D2DDraw.pdb
lod	1.10s_Beta_2	D2Direct3D.dll	3F24B4C61	C:\Src\Diablo2\Release\D2Direct3D.pdb
lod	1.10s_Beta_2	D2Game.dll	3F24B40E1	C:\Src\Diablo2\Release\D2Game.pdb
lod	1.10s_Beta_2	D2Gdi.dll	3F24B4CA1	C:\Src\Diablo2\Release\D2Gdi.pdb
lod	1.10s_Beta_2	D2Glide.dll	3F24B4CE1	C:\Src\Diablo2\Release\D2Glide.pdb
lod	1.10s_Beta_2	D2Lang.dll	3F24B37B1	C:\Src\Diablo2\Release\D2Lang.pdb
lod	1.10s_Beta_2	D2Launch.dll	3F24B4DD1	C:\Src\Diablo2\Release\D2Launch.pdb
lod	1.10s_Beta_2	D2MCPClient.dll	3F24B41E1	C:\Src\Diablo2\Release\D2MCPClient.pdb
lod	1.10s_Beta_2	D2Multi.dll	3F24B4E21	C:\Src\Diablo2\Release\D2Multi.pdb
lod	1.10s_Beta_2	D2Net.dll	3F24B3BB1	C:\Src\Diablo2\Release\D2Net.pdb
lod	1.10s_Beta_2	D2Sound.dll	3F24B4221	C:\Src\Diablo2\Release\D2Sound.pdb
lod	1.10s_Beta_2	D2Win.dll	3F24B42D1	C:\Src\Diablo2\Release\D2Win.pdb
lod	1.10s_Beta_2	D2gfx.dll	3F24B41B1	C:\Src\Diablo2\Release\D2gfx.pdb
lod	1.10s_Beta_2	Fog.dll	3F24B36E1	C:\Src\Diablo2\Release\Fog.pdb
lod	1.10s_Beta_2	Storm.dll	3F24B3611	C:\Src\Diablo2\Release\Storm.pdb
